time,token_id,chain,address,symbol,reason,score,price_usd,liquidity_usd,volume_24h,market_cap,age_hours,buys_24h,sells_24h,change_1h,change_24h,price_1h,price_6h,price_24h
2026-10-06T14:50:16+00:00,robinhood:0x70C533D3aeE516B5B3d2C577188d2baC858d5F7b,robinhood,0x70C533D3aeE516B5B3d2C577188d2baC858d5F7b,CORES,price change,90,0.002088,148155.21,3571095.91,2088368,2.03,2332,988,16.2,19143,,,
2026-10-06T14:50:16+00:00,solana:BP6jzNe7fKaVqLT3phm22ZUNzwB4EZVHhaj3HRDTpump,solana,BP6jzNe7fKaVqLT3phm22ZUNzwB4EZVHhaj3HRDTpump,TEXTPAD,liquidity,40,0.00001092,,28044.31,10925.14,0.14,246,210,211,211,,,
2026-10-06T14:50:16+00:00,bsc:0x6dFF116697BC9Dbe08170Fe96C74b7324424fFFF,bsc,0x6dFF116697BC9Dbe08170Fe96C74b7324424fFFF,ROOL,liquidity,55,0.00001479,,104170.52,14791.02,0.17,763,597,223,223,,,
2026-10-06T14:50:16+00:00,solana:X941pP3AesjG86mnNz4vWxUFyGdBX6mMRKTZUx2pump,solana,X941pP3AesjG86mnNz4vWxUFyGdBX6mMRKTZUx2pump,Ape,liquidity,55,0.00001180,,115707.45,11800.72,0.36,1226,944,199,199,,,
2026-10-06T14:50:16+00:00,solana:2cyphU6NmmQ2ejpVMJDtou2ztEUzCN568R3cwoPBB3XZ,solana,2cyphU6NmmQ2ejpVMJDtou2ztEUzCN568R3cwoPBB3XZ,Hooknite,liquidity,45,0.00001357,,47757.14,13572.21,0.6,423,311,277,277,,,
2026-10-06T14:50:16+00:00,solana:A9TQkwBbkQwH78CZpX5mC8uSiSacCH6dCM4YKgwcpump,solana,A9TQkwBbkQwH78CZpX5mC8uSiSacCH6dCM4YKgwcpump,shard,liquidity,35,0.00004970,,42623.84,49700.07,0.28,188,74,1315,1315,,,
2026-10-06T14:50:16+00:00,solana:Fuj8zBKmAwbNfCtzmzCGSCT6S52AX13mYPA4e5yKpump,solana,Fuj8zBKmAwbNfCtzmzCGSCT6S52AX13mYPA4e5yKpump,AGNT,liquidity,30,0.000003660,,6988.3,3660.77,0.36,66,58,3.67,3.67,,,
2026-10-06T14:50:16+00:00,bsc:0x86C8b6b507f2535acD2b547eA52C813cF48B7777,bsc,0x86C8b6b507f2535acD2b547eA52C813cF48B7777,SI,price change,80,0.0003049,111812.74,311879.58,304941,0.69,296,37,2944,2944,,,
2026-10-06T14:50:16+00:00,solana:21fX473LMyHnCYb4kvAUG4z4bGYpqTbp9vyakDPgs9Hm,solana,21fX473LMyHnCYb4kvAUG4z4bGYpqTbp9vyakDPgs9Hm,HIGGSMART,liquidity,45,0.00003414,,44125.68,34149.35,1.15,193,155,265,749,,,
2026-10-06T14:50:16+00:00,solana:3Z6XwJ4HLebFgujpyNJZUaEMceQyYE8d5qpSMALbpump,solana,3Z6XwJ4HLebFgujpyNJZUaEMceQyYE8d5qpSMALbpump,Fade,liquidity,50,0.00003229,,79228.61,32298.54,0.52,760,506,820,820,,,
2026-10-06T14:50:16+00:00,solana:BhqvRgP5hGnQaqQtNnynBfdEy4X4aHznWLGSmuyunMDf,solana,BhqvRgP5hGnQaqQtNnynBfdEy4X4aHznWLGSmuyunMDf,GoonCat,liquidity,60,0.00001848,,241832.33,18482.03,9.05,3132,2300,-6.21,447,,,
2026-10-06T14:50:16+00:00,solana:FeAWY9L9hr82TvTuEyi328V9FP7GxVuGLx7xNg6kzWVa,solana,FeAWY9L9hr82TvTuEyi328V9FP7GxVuGLx7xNg6kzWVa,CHONK,price change,95,0.0005241,73995.36,2074636.22,524198,1.78,14986,12933,64.24,998,,,
2026-10-06T14:50:17+00:00,solana:HuFvhZdMeZseK8XYWhh9mkwiXKrsVa99uc9k4UCCigxL,solana,HuFvhZdMeZseK8XYWhh9mkwiXKrsVa99uc9k4UCCigxL,Biscuit,liquidity,60,0.00001825,,186798.22,18255.57,1.04,1898,1592,117,346,,,
2026-10-06T14:50:17+00:00,solana:A6oDx63iMcZV1LJoBSm4udopZo7h9mGTqNuyuHfdBLiP,solana,A6oDx63iMcZV1LJoBSm4udopZo7h9mGTqNuyuHfdBLiP,BAGWORK,liquidity,50,0.000008864,,36823.1,8864.3,1.26,298,259,-28.38,105,,,
2026-10-06T14:50:17+00:00,solana:CUMUnuA2T1EtEcQMcN3eDK34cFx8VFkp7b3XREWSpump,solana,CUMUnuA2T1EtEcQMcN3eDK34cFx8VFkp7b3XREWSpump,normies,liquidity,50,0.000003753,,99128.47,3753.09,0.77,1073,1128,9,9,,,
2026-10-06T14:50:17+00:00,robinhood:0x4ccA5f31FF4b27762Cb5941930bBb448Ad02D4c9,robinhood,0x4ccA5f31FF4b27762Cb5941930bBb448Ad02D4c9,Wolf,price change,82,0.00005961,35906.84,444540.4,59619,0.96,936,971,631,631,,,
2026-10-06T14:50:17+00:00,solana:6iVocjkQeri3a4u3nu1vteYPK5HJsAoHQieAxUXppump,solana,6iVocjkQeri3a4u3nu1vteYPK5HJsAoHQieAxUXppump,catgent,liquidity,50,0.00004973,,56465.83,49737.04,0.92,538,525,1318,1318,,,
2026-10-06T15:00:16+00:00,robinhood:0x9B42401D1d396b3167D3896B7B38ab43e66396B7,robinhood,0x9B42401D1d396b3167D3896B7B38ab43e66396B7,DUMBASS,price change,80,0.0008933,89157.32,120697.56,893339,0.22,438,223,36684,36684,,,
2026-10-06T15:00:16+00:00,solana:5HJwF2XpEbwdnWRjVqH6FVtnwtm8tzTFin6qx6fJC2cv,solana,5HJwF2XpEbwdnWRjVqH6FVtnwtm8tzTFin6qx6fJC2cv,IGGY,liquidity,55,0.000006197,,218129.53,6197.11,0.34,2846,2128,42.44,42.44,,,
2026-10-06T15:10:20+00:00,solana:GcPQwfNJbYqTq4Nwc5BxnkPsZuAp92iEHGy1DyiTpump,solana,GcPQwfNJbYqTq4Nwc5BxnkPsZuAp92iEHGy1DyiTpump,Courage,liquidity,60,0.00001858,,125286.42,18589.93,12.46,1133,919,25.82,285,,,
2026-10-06T15:10:20+00:00,robinhood:0x3DF677Cd3B1F1671Bf262c090603BcD5a08B9040,robinhood,0x3DF677Cd3B1F1671Bf262c090603BcD5a08B9040,TANUKI,price change,90,0.0003101,92483.17,180443.82,310116,0.34,573,320,3713,3713,,,
2026-10-06T15:10:20+00:00,solana:2zaRV1r3GoRhAQzzmoqAcWs5cg7RhQfamfeAUNGjpump,solana,2zaRV1r3GoRhAQzzmoqAcWs5cg7RhQfamfeAUNGjpump,DANSE,liquidity,50,0.00002012,,43874.11,20122.1,14.94,440,343,166,471,,,
