time,profiles,already_seen,no_pair_data,not_base_token,lookup_errors,rej_liquidity,rej_trades,rej_sells,rej_no_age,rej_age,rej_price_change,rej_bad_data,low_score,accepted,alerts_sent,group_sends,dm_sends,no_delivery,session_failed,tracking_calls
2026-10-06T14:50:19+00:00,30,8,4,0,0,13,0,0,0,0,4,0,0,1,1,1,1,0,0,0
2026-10-06T15:00:16+00:00,30,8,4,0,0,13,0,0,0,0,5,0,0,0,0,0,0,0,0,1
2026-10-06T15:11:56+00:00,30,6,5,0,0,11,0,0,0,0,4,0,0,4,4,4,4,0,0,1
2026-10-06T15:21:52+00:00,30,4,4,0,0,15,0,0,0,0,3,0,0,4,4,4,4,0,0,3
2026-10-06T15:30:54+00:00,30,7,4,0,0,15,0,0,0,0,3,0,0,1,1,1,1,0,0,3
2026-10-06T15:41:24+00:00,30,6,3,0,0,17,0,0,0,0,1,0,0,3,3,3,3,0,0,3
2026-10-06T15:50:21+00:00,30,7,2,0,0,19,0,0,0,0,1,0,0,1,1,1,1,0,0,4
2026-10-06T16:01:23+00:00,30,6,2,0,0,18,0,0,0,0,1,0,0,3,3,3,3,0,0,4
2026-10-06T16:10:22+00:00,30,8,3,0,0,15,0,0,0,0,3,0,0,1,1,1,1,0,0,4
2026-10-06T16:20:17+00:00,30,6,1,0,0,19,0,0,0,0,3,0,0,1,1,1,1,0,0,3
2026-10-06T16:30:50+00:00,30,5,1,0,0,20,0,0,0,0,2,0,0,2,2,2,2,0,0,3
2026-10-06T16:40:21+00:00,30,4,2,0,0,19,0,0,1,0,3,0,0,1,1,1,1,0,0,3
2026-10-06T16:50:18+00:00,30,4,0,0,0,20,0,0,1,0,4,0,0,1,1,1,1,0,0,4
2026-10-06T17:00:48+00:00,30,3,3,0,0,18,0,0,1,0,3,0,0,2,2,2,2,0,0,4
2026-10-06T17:11:53+00:00,30,4,3,0,0,16,0,0,1,0,2,0,0,4,4,4,4,0,0,4
2026-10-06T17:22:19+00:00,30,6,3,0,0,15,0,0,0,0,1,0,0,5,5,5,5,0,0,4
2026-10-06T17:32:23+00:00,30,10,2,0,0,13,0,0,0,0,0,0,0,5,5,5,5,0,0,4
2026-10-06T17:40:19+00:00,30,10,2,0,0,14,0,0,0,0,3,0,0,1,1,1,1,0,0,7
2026-10-06T17:51:18+00:00,30,5,3,0,0,16,0,0,0,0,3,0,0,3,3,3,3,0,0,6
2026-10-06T18:02:22+00:00,30,4,2,0,0,17,0,0,0,0,2,0,0,5,5,5,5,0,0,6
2026-10-06T18:10:29+00:00,30,9,1,0,0,17,0,0,0,0,2,0,0,1,1,1,1,0,0,6
2026-10-06T18:20:24+00:00,30,9,1,0,0,17,0,0,0,0,2,0,0,1,1,1,1,0,0,6
2026-10-06T18:31:20+00:00,30,7,1,0,0,18,0,0,0,0,1,0,0,3,3,3,3,0,0,6
2026-10-06T18:40:50+00:00,30,8,1,0,0,18,0,0,0,0,1,0,0,2,2,2,2,0,0,6
2026-10-06T18:51:49+00:00,30,6,1,0,0,18,0,0,0,0,1,0,0,4,4,4,4,0,0,6
